Date,Company,Open,High,Low,Close,Volume
2023-01-02,TechNova,102.94,106.09,101.1,104.62,1314875
2023-01-03,TechNova,106.31,107.77,102.76,105.73,2948181
2023-01-04,TechNova,109.97,112.26,108.61,108.94,4522742
2023-01-05,TechNova,110.79,111.68,108.55,110.44,1473630
2023-01-06,TechNova,112.31,115.3,109.24,110.67,2783761
2023-01-09,TechNova,110.96,114.19,109.27,112.34,4286302
2023-01-10,TechNova,111.79,115.31,111.01,112.35,4581825
2023-01-11,TechNova,110.55,114.8,110.54,112.03,3271290
2023-01-12,TechNova,111.26,112.28,108.14,109.97,797741
2023-01-13,TechNova,110.41,110.5,110.09,110.35,639820
2023-01-16,TechNova,109.08,109.76,105.35,108.18,1480880
2023-01-17,TechNova,107.51,110.49,104.73,108.05,2322174
2023-01-18,TechNova,108.12,110.13,106.42,108.86,681848
2023-01-19,TechNova,108.12,109.46,107.55,109.31,1145359
2023-01-20,TechNova,107.86,108.82,103.7,106.57,197426
2023-01-23,TechNova,107.31,110.46,104.48,107.64,1664651
2023-01-24,TechNova,105.96,108.05,105.85,106.93,1471670
2023-01-25,TechNova,102.3,104.88,100.02,100.35,1529049
2023-01-26,TechNova,100.71,103.11,100.44,100.5,1616232
2023-01-27,TechNova,105.86,106.6,101.81,104.08,2434830
2023-01-30,TechNova,110.21,111.29,106.78,109.54,2271135
2023-01-31,TechNova,106.94,108.98,104.38,108.26,264760
2023-02-01,TechNova,107.78,111.1,104.88,108.42,1824100
2023-02-02,TechNova,105.47,108.84,102.76,105.89,4514716
2023-02-03,TechNova,107.35,108.07,105.02,105.68,1468146
2023-02-06,TechNova,105.95,107.07,104.81,106.47,420947
2023-02-07,TechNova,106.43,107.16,104.43,104.69,4982586
2023-02-08,TechNova,108.64,109.67,104.59,107.05,3611697
2023-02-09,TechNova,106.49,108.33,103.6,108.15,2946341
2023-02-10,TechNova,112.56,114.78,111.87,111.96,4767888
2023-02-13,TechNova,108.81,110.15,108.72,109.42,4462620
2023-02-14,TechNova,117.53,120.21,115.61,116.99,3043581
2023-02-15,TechNova,119.28,120.37,115.29,118.12,316551
2023-02-16,TechNova,117.38,119.19,113.97,116.22,119157
2023-02-17,TechNova,116.07,119.78,113.96,117.2,2786423
2023-02-20,TechNova,115.85,117.28,113.68,115.31,2720596
2023-02-21,TechNova,113.75,115.79,111.23,113.03,4960694
2023-02-22,TechNova,112.07,114.61,110.38,111.78,746671
2023-02-23,TechNova,113.67,115.84,112.61,114.02,264275
2023-02-24,TechNova,119.98,120.51,116.69,118.41,904510
2023-02-27,TechNova,119.74,120.24,117.61,117.79,3588314
2023-02-28,TechNova,116.15,118.76,114.92,116.05,2631502
2023-03-01,TechNova,115.43,117.53,114.93,116.0,3706796
2023-03-02,TechNova,121.83,121.91,118.49,121.28,985997
2023-03-03,TechNova,120.87,122.34,118.43,121.91,3849700
2023-03-06,TechNova,124.07,124.14,120.97,122.95,4946688
2023-03-07,TechNova,121.24,123.94,118.93,122.19,1748371
2023-03-08,TechNova,122.35,124.46,120.64,122.97,4579256
2023-03-09,TechNova,127.43,129.83,126.37,126.63,544334
2023-03-10,TechNova,124.44,124.82,123.58,124.19,3159951
2023-03-13,TechNova,125.46,127.67,122.79,125.77,4688895
2023-03-14,TechNova,123.37,127.48,123.11,124.49,3325764
2023-03-15,TechNova,128.45,130.35,124.4,127.22,1705820
2023-03-16,TechNova,127.5,131.4,126.8,129.07,3949065
2023-03-17,TechNova,127.59,131.11,126.17,129.14,3798093
2023-03-20,TechNova,129.71,130.8,129.35,129.52,3232903
2023-03-21,TechNova,131.97,132.59,130.47,131.46,3094557
2023-03-22,TechNova,128.42,130.85,126.82,128.16,291252
2023-03-23,TechNova,132.64,134.76,130.33,131.87,1135342
2023-03-24,TechNova,131.94,135.29,131.54,132.8,323685
2023-03-27,TechNova,138.19,139.0,133.63,136.48,2268875
2023-03-28,TechNova,139.87,141.62,138.55,139.6,4532486
2023-03-29,TechNova,139.38,142.15,138.74,139.78,1058327
2023-03-30,TechNova,138.91,139.12,135.41,136.99,4586433
2023-03-31,TechNova,134.21,136.77,131.76,133.34,3287270
2023-04-03,TechNova,132.92,133.18,128.86,131.25,1954510
2023-04-04,TechNova,129.67,132.98,127.71,130.82,2174369
2023-04-05,TechNova,133.86,135.31,133.42,133.71,4031201
2023-04-06,TechNova,131.94,135.36,131.35,132.94,4097650
2023-04-07,TechNova,133.87,136.69,133.66,134.0,3108869
2023-04-10,TechNova,136.36,137.03,134.78,135.88,2187919
2023-04-11,TechNova,137.99,139.45,136.57,137.28,234392
2023-04-12,TechNova,135.01,137.64,133.55,135.02,3399428
2023-04-13,TechNova,138.98,140.39,138.17,138.35,1110366
2023-04-14,TechNova,140.12,141.67,137.72,139.62,3421984
2023-04-17,TechNova,138.84,141.27,135.6,138.29,4269637
2023-04-18,TechNova,142.48,145.59,140.89,143.63,2599455
2023-04-19,TechNova,145.04,147.82,143.5,146.06,1831281
2023-04-20,TechNova,152.05,152.63,147.87,150.08,4913935
2023-04-21,TechNova,151.15,153.59,147.56,149.32,724256
2023-04-24,TechNova,146.79,149.66,145.09,148.19,946409
2023-04-25,TechNova,142.97,146.09,140.95,144.59,3038706
2023-04-26,TechNova,144.3,145.99,141.72,142.38,3377705
2023-04-27,TechNova,145.16,146.78,143.53,146.21,1246306
2023-04-28,TechNova,150.78,152.72,150.17,152.04,2980444
2023-05-01,TechNova,149.59,153.69,148.57,151.17,126143
2023-05-02,TechNova,148.92,150.75,147.0,149.64,1204369
2023-05-03,TechNova,148.13,149.22,146.34,148.0,555006
2023-05-04,TechNova,153.11,154.84,150.51,151.78,4739894
2023-05-05,TechNova,147.93,149.4,147.3,148.36,2422081
2023-05-08,TechNova,144.17,147.8,141.24,146.06,2351864
2023-05-09,TechNova,145.86,147.4,143.04,144.92,4192527
2023-05-10,TechNova,148.07,151.65,147.46,148.73,4268212
2023-05-11,TechNova,151.58,153.29,149.82,152.56,2067877
2023-05-12,TechNova,156.64,157.41,152.39,154.73,168772
2023-05-15,TechNova,154.9,158.72,152.85,156.48,2119825
2023-05-16,TechNova,158.86,159.23,157.19,158.46,3112548
2023-05-17,TechNova,163.61,166.1,160.37,161.92,2019712
2023-05-18,TechNova,161.61,165.35,158.76,162.52,2355735
2023-05-19,TechNova,166.64,169.07,163.77,167.61,1041174
2023-01-02,GreenEnergy,153.73,157.02,151.31,155.34,3749030
2023-01-03,GreenEnergy,157.56,158.87,153.84,155.94,2854797
2023-01-04,GreenEnergy,159.62,160.62,156.71,157.66,636328
2023-01-05,GreenEnergy,157.03,158.47,154.73,157.88,1174102
2023-01-06,GreenEnergy,156.32,158.13,156.07,158.03,1911565
2023-01-09,GreenEnergy,153.02,154.12,151.41,151.88,3494751
2023-01-10,GreenEnergy,149.34,151.49,146.59,147.75,3384440
2023-01-11,GreenEnergy,144.47,146.03,142.83,145.56,3343751
2023-01-12,GreenEnergy,148.06,151.9,145.5,148.94,3247591
2023-01-13,GreenEnergy,144.72,146.93,141.38,144.23,4522660
2023-01-16,GreenEnergy,144.85,146.86,144.52,145.48,132487
2023-01-17,GreenEnergy,144.11,145.07,141.78,142.43,4091594
2023-01-18,GreenEnergy,139.83,140.11,137.57,139.35,4011711
2023-01-19,GreenEnergy,138.2,138.6,137.01,137.66,2189069
2023-01-20,GreenEnergy,136.65,137.44,133.05,135.0,4385289
2023-01-23,GreenEnergy,139.58,140.73,137.5,140.69,4898500
2023-01-24,GreenEnergy,142.64,145.55,139.73,142.4,253564
2023-01-25,GreenEnergy,131.62,135.81,128.85,133.46,4423318
2023-01-26,GreenEnergy,135.54,137.49,133.09,134.03,4129108
2023-01-27,GreenEnergy,136.98,137.06,135.62,136.7,2972105
2023-01-30,GreenEnergy,132.03,134.08,129.34,132.83,4438450
2023-01-31,GreenEnergy,133.1,137.33,131.92,134.82,809656
2023-02-01,GreenEnergy,138.21,140.26,135.77,137.63,2355691
2023-02-02,GreenEnergy,133.58,135.46,132.23,134.09,570317
2023-02-03,GreenEnergy,136.96,137.0,133.72,136.52,3492709
2023-02-06,GreenEnergy,136.79,139.03,135.42,136.43,1399186
2023-02-07,GreenEnergy,137.32,138.13,133.83,135.86,2131112
2023-02-08,GreenEnergy,134.0,134.91,132.77,134.04,3847100
2023-02-09,GreenEnergy,136.16,136.93,135.67,135.89,2243519
2023-02-10,GreenEnergy,131.11,133.85,131.1,132.75,3835240
2023-02-13,GreenEnergy,136.11,138.94,133.82,134.5,4853808
2023-02-14,GreenEnergy,133.27,135.76,131.78,134.95,3609939
2023-02-15,GreenEnergy,130.88,133.46,128.63,130.22,391777
2023-02-16,GreenEnergy,132.54,133.74,130.11,131.02,694126
2023-02-17,GreenEnergy,132.46,135.03,131.32,131.85,920569
2023-02-20,GreenEnergy,124.43,125.62,123.96,125.08,2992518
2023-02-21,GreenEnergy,125.91,127.91,124.48,127.05,2872146
2023-02-22,GreenEnergy,127.2,130.09,124.72,126.8,1248950
2023-02-23,GreenEnergy,126.53,128.8,123.84,126.94,772387
2023-02-24,GreenEnergy,124.2,127.07,122.96,124.54,329758
2023-02-27,GreenEnergy,125.18,129.33,124.16,126.36,2831309
2023-02-28,GreenEnergy,125.8,125.86,123.98,125.5,1169986
2023-03-01,GreenEnergy,123.63,126.38,123.23,125.56,3084198
2023-03-02,GreenEnergy,122.74,125.02,122.64,123.8,2463917
2023-03-03,GreenEnergy,122.01,122.37,121.04,122.21,1453464
2023-03-06,GreenEnergy,123.63,125.43,120.84,124.04,929316
2023-03-07,GreenEnergy,121.67,125.97,121.42,123.36,269980
2023-03-08,GreenEnergy,126.54,129.99,125.72,128.09,2443792
2023-03-09,GreenEnergy,130.45,133.68,129.55,131.67,3470412
2023-03-10,GreenEnergy,133.45,134.43,129.49,132.41,1087423
2023-03-13,GreenEnergy,131.42,132.83,129.28,130.56,4682898
2023-03-14,GreenEnergy,126.79,127.12,122.33,124.89,158879
2023-03-15,GreenEnergy,125.43,127.66,124.62,126.41,4357513
2023-03-16,GreenEnergy,133.82,134.08,132.0,132.34,4754375
2023-03-17,GreenEnergy,137.09,139.43,135.89,136.74,2941954
2023-03-20,GreenEnergy,137.45,140.24,134.14,135.72,3390445
2023-03-21,GreenEnergy,134.43,138.74,134.39,135.89,1741514
2023-03-22,GreenEnergy,135.35,137.6,134.51,135.27,4466377
2023-03-23,GreenEnergy,139.44,140.75,139.15,139.93,1895541
2023-03-24,GreenEnergy,134.79,139.47,132.26,136.74,3721366
2023-03-27,GreenEnergy,141.87,142.64,137.61,140.35,3690186
2023-03-28,GreenEnergy,138.1,140.67,135.7,137.72,2440280
2023-03-29,GreenEnergy,137.74,141.6,136.14,139.49,2612924
2023-03-30,GreenEnergy,140.11,142.43,136.4,138.42,397394
2023-03-31,GreenEnergy,139.46,140.63,138.76,139.6,2256263
2023-04-03,GreenEnergy,138.54,138.85,137.45,138.71,3248467
2023-04-04,GreenEnergy,142.4,146.7,141.67,143.75,2242880
2023-04-05,GreenEnergy,143.06,145.68,141.83,143.34,2921571
2023-04-06,GreenEnergy,145.21,147.27,144.69,146.78,2839144
2023-04-07,GreenEnergy,152.96,153.79,148.91,151.66,2083331
2023-04-10,GreenEnergy,155.27,155.52,153.27,153.91,2110864
2023-04-11,GreenEnergy,149.21,152.16,146.93,150.93,4796548
2023-04-12,GreenEnergy,146.82,148.06,145.22,147.58,2237765
2023-04-13,GreenEnergy,147.57,149.77,145.21,148.29,3532506
2023-04-14,GreenEnergy,146.57,147.75,143.42,146.35,4830132
2023-04-17,GreenEnergy,146.77,148.07,144.12,147.73,567951
2023-04-18,GreenEnergy,147.05,149.21,145.22,148.32,4187010
2023-04-19,GreenEnergy,154.11,154.43,151.41,153.73,4277183
2023-04-20,GreenEnergy,152.96,156.36,152.83,154.76,1193827
2023-04-21,GreenEnergy,149.73,151.62,149.09,151.59,2128660
2023-04-24,GreenEnergy,156.48,156.94,155.16,156.71,1878053
2023-04-25,GreenEnergy,162.69,164.59,160.94,161.01,531659
2023-04-26,GreenEnergy,156.25,156.62,153.02,155.87,1265209
2023-04-27,GreenEnergy,158.26,159.47,157.01,158.47,1945606
2023-04-28,GreenEnergy,156.59,160.26,156.17,158.57,2419680
2023-05-01,GreenEnergy,164.59,166.35,161.46,162.96,634203
2023-05-02,GreenEnergy,165.43,167.13,162.74,166.91,1911350
2023-05-03,GreenEnergy,167.01,168.27,164.61,165.3,1321327
2023-05-04,GreenEnergy,166.85,169.0,165.43,167.82,1184585
2023-05-05,GreenEnergy,171.21,173.31,168.43,169.76,3672095
2023-05-08,GreenEnergy,167.91,171.13,166.84,168.16,2196695
2023-05-09,GreenEnergy,171.13,173.3,169.47,171.93,4085086
2023-05-10,GreenEnergy,177.21,179.15,175.34,175.49,4582148
2023-05-11,GreenEnergy,175.9,178.01,175.33,176.41,1899946
2023-05-12,GreenEnergy,175.98,179.61,173.01,177.87,684061
2023-05-15,GreenEnergy,176.23,178.17,175.93,176.55,3043541
2023-05-16,GreenEnergy,174.68,178.08,174.5,176.07,4298676
2023-05-17,GreenEnergy,177.73,178.05,175.83,176.01,1872038
2023-05-18,GreenEnergy,180.21,183.19,176.51,178.43,3055212
2023-05-19,GreenEnergy,180.09,182.05,178.57,180.58,202765
2023-01-02,MediCore,193.4,194.06,191.74,193.36,4077290
2023-01-03,MediCore,201.49,203.49,197.07,199.68,138748
2023-01-04,MediCore,204.24,204.28,200.84,202.37,143348
2023-01-05,MediCore,207.97,210.89,205.7,206.41,1231032
2023-01-06,MediCore,201.31,205.51,201.18,202.59,1258933
2023-01-09,MediCore,195.32,197.54,194.17,195.93,2417190
2023-01-10,MediCore,200.15,201.21,196.16,198.97,2252759
2023-01-11,MediCore,196.39,199.23,193.45,198.24,2682236
2023-01-12,MediCore,200.23,202.31,198.5,199.55,4184307
2023-01-13,MediCore,196.27,199.69,194.24,197.24,1761986
2023-01-16,MediCore,194.65,195.28,193.91,194.07,4576576
2023-01-17,MediCore,191.07,193.03,190.74,191.46,2836989
2023-01-18,MediCore,189.32,192.31,185.41,188.33,966654
2023-01-19,MediCore,188.73,189.17,187.31,188.37,4677520
2023-01-20,MediCore,183.77,187.52,182.92,185.14,312978
2023-01-23,MediCore,187.16,190.99,186.64,188.48,1538917
2023-01-24,MediCore,185.59,187.93,183.36,187.45,426306
2023-01-25,MediCore,190.36,190.88,187.29,189.14,574876
2023-01-26,MediCore,184.54,186.67,182.49,182.68,2867181
2023-01-27,MediCore,183.63,186.45,182.05,184.44,1483135
2023-01-30,MediCore,187.94,191.65,185.62,189.33,2419544
2023-01-31,MediCore,191.54,193.52,187.48,189.62,3270959
2023-02-01,MediCore,186.63,190.69,183.66,188.0,577485
2023-02-02,MediCore,187.86,188.94,185.94,188.29,4929638
2023-02-03,MediCore,185.49,188.28,182.99,185.82,3106222
2023-02-06,MediCore,185.91,188.44,184.84,186.63,670725
2023-02-07,MediCore,182.9,185.94,181.46,183.13,411631
2023-02-08,MediCore,183.74,186.23,180.59,183.06,1086746
2023-02-09,MediCore,180.53,183.33,178.11,179.78,3277866
2023-02-10,MediCore,183.34,185.05,180.21,182.45,2156103
2023-02-13,MediCore,182.81,184.28,180.1,182.01,3008035
2023-02-14,MediCore,184.38,185.03,182.8,184.24,4882163
2023-02-15,MediCore,186.26,187.05,182.83,184.54,3624486
2023-02-16,MediCore,184.61,187.65,184.29,186.15,490979
2023-02-17,MediCore,185.41,186.23,184.94,185.32,3537753
2023-02-20,MediCore,182.82,184.73,180.51,183.73,1570256
2023-02-21,MediCore,185.87,188.43,182.59,184.29,1450407
2023-02-22,MediCore,182.68,186.24,180.2,184.19,2359495
2023-02-23,MediCore,178.8,180.35,175.89,180.17,3312608
2023-02-24,MediCore,180.37,183.3,178.22,179.66,3311300
2023-02-27,MediCore,181.84,183.42,180.58,181.37,912613
2023-02-28,MediCore,180.49,183.46,179.18,180.56,1528812
2023-03-01,MediCore,177.23,179.46,174.82,177.72,1234445
2023-03-02,MediCore,177.46,180.42,176.5,177.15,203914
2023-03-03,MediCore,181.69,182.27,179.52,181.55,2010693
2023-03-06,MediCore,183.28,184.03,180.63,181.83,695981
2023-03-07,MediCore,183.12,185.35,181.26,181.87,2185686
2023-03-08,MediCore,178.95,182.48,176.65,179.6,1031150
2023-03-09,MediCore,180.6,183.27,177.99,181.76,3195183
2023-03-10,MediCore,183.11,185.83,180.59,181.69,1901464
2023-03-13,MediCore,180.16,181.7,179.37,180.38,616004
2023-03-14,MediCore,183.91,185.18,180.97,183.69,3883930
2023-03-15,MediCore,186.12,187.99,184.43,186.88,4771778
2023-03-16,MediCore,186.14,188.88,182.36,184.2,741339
2023-03-17,MediCore,181.59,184.04,179.91,181.97,2375489
2023-03-20,MediCore,174.78,179.09,173.99,176.43,120397
2023-03-21,MediCore,175.99,178.88,175.02,177.55,4531988
2023-03-22,MediCore,177.06,177.37,175.98,176.97,2191620
2023-03-23,MediCore,177.57,179.97,177.51,178.41,4177381
2023-03-24,MediCore,183.96,185.62,182.15,182.88,4449858
2023-03-27,MediCore,178.85,181.63,176.68,178.77,265695
2023-03-28,MediCore,179.14,180.07,176.26,179.69,3350432
2023-03-29,MediCore,175.47,177.96,175.17,175.75,550036
2023-03-30,MediCore,177.9,178.32,173.54,175.98,3759401
2023-03-31,MediCore,180.76,181.72,176.82,179.56,4000100
2023-04-03,MediCore,181.58,182.5,179.7,180.77,3978261
2023-04-04,MediCore,182.72,183.46,179.05,181.74,4807537
2023-04-05,MediCore,188.35,191.35,187.56,187.95,4965578
2023-04-06,MediCore,185.89,189.5,183.38,187.77,336635
2023-04-07,MediCore,187.08,189.22,184.1,187.85,248571
2023-04-10,MediCore,185.67,188.96,184.13,187.14,4920018
2023-04-11,MediCore,194.56,194.81,191.45,193.59,300628
2023-04-12,MediCore,195.57,197.8,194.23,196.93,205940
2023-04-13,MediCore,195.35,199.26,193.95,196.5,3246241
2023-04-14,MediCore,195.3,196.35,191.86,193.81,2644829
2023-04-17,MediCore,197.2,198.98,195.45,196.45,4540479
2023-04-18,MediCore,193.84,196.63,190.96,193.94,3272322
2023-04-19,MediCore,193.93,196.97,192.8,194.04,3168469
2023-04-20,MediCore,189.67,192.66,187.55,191.11,4394133
2023-04-21,MediCore,187.8,189.98,186.35,186.87,3292511
2023-04-24,MediCore,185.49,189.43,182.54,187.46,4961905
2023-04-25,MediCore,195.73,198.29,191.71,194.06,1548299
2023-04-26,MediCore,198.38,201.08,196.5,198.64,531189
2023-04-27,MediCore,200.59,201.23,199.05,200.91,1170153
2023-04-28,MediCore,198.97,201.11,195.12,197.98,2203715
2023-05-01,MediCore,196.38,197.87,194.42,197.03,4318923
2023-05-02,MediCore,197.12,197.46,194.1,196.14,2958297
2023-05-03,MediCore,199.06,200.37,196.03,197.87,1434210
2023-05-04,MediCore,199.44,200.15,198.32,199.42,1308163
2023-05-05,MediCore,198.79,200.05,196.58,198.5,762757
2023-05-08,MediCore,203.0,206.16,200.22,203.32,847608
2023-05-09,MediCore,199.28,202.73,199.06,200.46,3001410
2023-05-10,MediCore,194.78,197.15,194.07,196.74,4827824
2023-05-11,MediCore,197.85,199.61,197.29,198.91,1484542
2023-05-12,MediCore,196.56,198.3,193.22,195.49,2789281
2023-05-15,MediCore,194.32,198.13,192.36,195.82,4620773
2023-05-16,MediCore,192.91,197.05,191.91,194.09,1143753
2023-05-17,MediCore,196.56,197.89,195.17,197.78,4325773
2023-05-18,MediCore,196.87,198.97,193.28,195.96,1129236
2023-05-19,MediCore,199.4,199.98,195.15,198.0,3930245
2023-01-02,RetailMax,199.7,201.55,195.33,198.28,1285913
2023-01-03,RetailMax,192.16,194.68,190.19,192.88,1681489
2023-01-04,RetailMax,190.46,192.2,189.52,190.26,4931594
2023-01-05,RetailMax,193.6,194.26,192.83,193.11,2548520
2023-01-06,RetailMax,189.77,191.04,187.47,190.83,888609
2023-01-09,RetailMax,187.54,188.5,187.42,188.06,1929573
2023-01-10,RetailMax,191.16,193.8,190.93,192.21,1176645
2023-01-11,RetailMax,192.25,194.37,188.71,190.33,2017247
2023-01-12,RetailMax,188.39,189.95,187.93,189.38,2047647
2023-01-13,RetailMax,191.62,191.73,191.11,191.69,2266144
2023-01-16,RetailMax,190.05,193.43,187.1,191.32,1434477
2023-01-17,RetailMax,195.42,196.14,192.45,195.05,1450877
2023-01-18,RetailMax,201.72,206.4,199.69,203.6,4385427
2023-01-19,RetailMax,210.96,213.2,208.99,209.14,2914998
2023-01-20,RetailMax,207.36,209.6,205.43,206.5,409198
2023-01-23,RetailMax,206.25,206.31,203.56,206.09,3388817
2023-01-24,RetailMax,205.07,207.61,203.39,203.42,4419816
2023-01-25,RetailMax,207.2,209.26,206.51,208.27,1075366
2023-01-26,RetailMax,208.23,211.09,207.43,207.91,3862906
2023-01-27,RetailMax,205.28,208.12,203.44,206.79,1842027
2023-01-30,RetailMax,208.34,210.86,205.89,207.72,533381
2023-01-31,RetailMax,208.99,211.24,207.89,208.24,4614200
2023-02-01,RetailMax,208.58,211.87,208.2,209.62,4646001
2023-02-02,RetailMax,211.46,215.22,209.9,212.73,1406421
2023-02-03,RetailMax,216.14,217.45,215.68,215.93,228530
2023-02-06,RetailMax,210.86,215.19,210.11,212.8,4625405
2023-02-07,RetailMax,212.55,214.87,211.29,211.4,1811609
2023-02-08,RetailMax,210.9,211.64,210.45,211.07,2995838
2023-02-09,RetailMax,210.5,213.39,206.54,208.63,3947290
2023-02-10,RetailMax,210.67,211.89,208.96,209.84,2335712
2023-02-13,RetailMax,208.86,209.68,205.77,208.66,1983442
2023-02-14,RetailMax,210.83,212.36,209.69,211.41,945480
2023-02-15,RetailMax,212.27,215.1,209.38,212.61,3313810
2023-02-16,RetailMax,211.71,213.44,208.14,210.63,1426432
2023-02-17,RetailMax,216.37,218.38,215.73,215.99,4376295
2023-02-20,RetailMax,212.99,214.81,211.1,212.15,2750292
2023-02-21,RetailMax,209.26,211.39,206.04,208.65,2525459
2023-02-22,RetailMax,209.31,210.75,206.77,208.74,1147956
2023-02-23,RetailMax,213.35,214.73,211.48,213.62,613934
2023-02-24,RetailMax,213.92,215.89,212.86,214.61,825964
2023-02-27,RetailMax,214.07,216.53,211.77,214.66,4993826
2023-02-28,RetailMax,213.88,213.98,209.81,212.51,1372536
2023-03-01,RetailMax,208.97,213.03,206.44,210.42,3183275
2023-03-02,RetailMax,208.89,211.58,206.3,208.78,4309539
2023-03-03,RetailMax,207.43,210.23,206.8,208.59,2294887
2023-03-06,RetailMax,211.12,215.05,211.04,212.58,2964547
2023-03-07,RetailMax,212.64,215.54,211.0,214.17,538081
2023-03-08,RetailMax,206.47,207.83,203.66,204.71,712623
2023-03-09,RetailMax,204.68,204.9,202.78,203.84,3048917
2023-03-10,RetailMax,199.82,202.09,197.12,201.25,250436
2023-03-13,RetailMax,198.58,200.22,195.8,199.7,447931
2023-03-14,RetailMax,200.46,203.37,198.59,199.5,790780
2023-03-15,RetailMax,197.6,197.6,196.07,196.29,3402077
2023-03-16,RetailMax,191.8,195.15,189.98,192.43,3321973
2023-03-17,RetailMax,196.72,197.21,194.8,195.85,3504916
2023-03-20,RetailMax,198.19,200.43,194.1,196.94,346532
2023-03-21,RetailMax,197.91,199.57,195.61,198.86,980511
2023-03-22,RetailMax,197.14,199.08,193.85,196.47,3709613
2023-03-23,RetailMax,202.04,203.86,201.2,202.09,2701903
2023-03-24,RetailMax,203.04,204.66,200.82,204.52,3868758
2023-03-27,RetailMax,198.6,202.44,197.68,200.53,1415581
2023-03-28,RetailMax,196.19,198.07,195.21,197.15,411845
2023-03-29,RetailMax,195.22,198.13,193.31,195.33,799885
2023-03-30,RetailMax,196.6,199.17,192.76,195.42,4604254
2023-03-31,RetailMax,198.3,200.35,195.64,199.67,3988001
2023-04-03,RetailMax,203.08,205.84,201.96,204.51,2231013
2023-04-04,RetailMax,203.7,208.23,202.52,205.58,184412
2023-04-05,RetailMax,211.6,213.79,208.21,210.17,1975471
2023-04-06,RetailMax,215.88,217.5,213.3,217.23,1043439
2023-04-07,RetailMax,213.02,213.07,211.8,212.56,310567
2023-04-10,RetailMax,211.3,211.82,209.6,210.06,2192420
2023-04-11,RetailMax,210.81,211.24,209.48,209.91,1996710
2023-04-12,RetailMax,205.05,205.4,204.35,204.96,899829
2023-04-13,RetailMax,207.91,208.98,206.0,207.88,3087776
2023-04-14,RetailMax,205.52,206.99,204.17,204.32,284108
2023-04-17,RetailMax,203.68,204.53,201.39,203.12,2861609
2023-04-18,RetailMax,203.59,205.52,201.79,203.37,3656380
2023-04-19,RetailMax,208.33,211.25,206.63,209.02,4398491
2023-04-20,RetailMax,204.66,206.75,203.49,205.38,479418
2023-04-21,RetailMax,206.42,209.12,206.06,208.36,381350
2023-04-24,RetailMax,206.82,209.58,206.35,206.79,3423264
2023-04-25,RetailMax,206.22,209.14,205.55,205.73,1526243
2023-04-26,RetailMax,207.84,208.79,206.59,207.14,3868237
2023-04-27,RetailMax,204.9,206.49,201.45,203.59,186838
2023-04-28,RetailMax,208.11,211.93,205.74,209.24,453245
2023-05-01,RetailMax,205.04,209.08,204.66,206.25,1407191
2023-05-02,RetailMax,211.47,212.0,209.57,209.69,1298907
2023-05-03,RetailMax,207.74,212.53,204.96,209.66,518149
2023-05-04,RetailMax,205.54,205.71,204.37,204.96,1689441
2023-05-05,RetailMax,205.42,206.95,202.32,203.68,3362901
2023-05-08,RetailMax,200.31,202.48,200.29,201.23,3451464
2023-05-09,RetailMax,205.18,206.75,201.29,203.9,4939932
2023-05-10,RetailMax,205.09,209.37,203.08,206.61,4043690
2023-05-11,RetailMax,207.28,209.7,204.22,207.18,2054727
2023-05-12,RetailMax,204.34,205.0,201.21,202.73,3063618
2023-05-15,RetailMax,197.87,198.07,194.97,196.95,4855939
2023-05-16,RetailMax,196.26,197.2,196.11,197.07,4091375
2023-05-17,RetailMax,200.22,202.86,198.02,199.49,3619554
2023-05-18,RetailMax,194.84,198.35,193.17,195.85,2127138
2023-05-19,RetailMax,199.83,201.2,197.6,197.87,3846181
2023-01-02,AutoDrive,88.3,91.24,85.96,86.42,1365440
2023-01-03,AutoDrive,83.03,86.46,81.79,84.1,2554191
2023-01-04,AutoDrive,86.39,87.09,84.65,85.0,201031
2023-01-05,AutoDrive,81.68,84.64,80.02,80.28,2061172
2023-01-06,AutoDrive,81.35,82.71,80.54,80.75,2247156
2023-01-09,AutoDrive,78.3,82.16,77.64,80.04,4025528
2023-01-10,AutoDrive,81.55,82.73,80.92,82.19,3468211
2023-01-11,AutoDrive,79.95,80.42,78.22,79.96,2394925
2023-01-12,AutoDrive,74.65,76.86,73.12,75.8,221652
2023-01-13,AutoDrive,75.87,77.85,75.07,77.82,3491939
2023-01-16,AutoDrive,77.13,79.42,75.31,79.09,1575514
2023-01-17,AutoDrive,79.54,82.18,78.66,79.88,772250
2023-01-18,AutoDrive,81.15,83.4,78.36,79.6,1260309
2023-01-19,AutoDrive,74.86,77.59,73.69,75.83,2101307
2023-01-20,AutoDrive,76.11,77.82,73.6,75.51,3780679
2023-01-23,AutoDrive,76.2,76.59,73.22,75.47,2274692
2023-01-24,AutoDrive,72.73,75.35,69.56,71.45,539606
2023-01-25,AutoDrive,68.78,71.18,65.39,68.23,3066389
2023-01-26,AutoDrive,66.75,69.94,65.82,68.54,624245
2023-01-27,AutoDrive,67.65,70.64,65.83,66.08,1564739
2023-01-30,AutoDrive,69.39,69.5,65.58,68.47,4318313
2023-01-31,AutoDrive,66.29,67.08,63.81,65.7,1844742
2023-02-01,AutoDrive,63.18,63.22,59.76,62.24,2712035
2023-02-02,AutoDrive,64.91,66.38,62.72,64.6,2408548
2023-02-03,AutoDrive,68.73,68.85,66.7,68.15,699673
2023-02-06,AutoDrive,70.81,72.19,69.36,69.74,1967293
2023-02-07,AutoDrive,78.01,79.21,75.13,76.06,1565406
2023-02-08,AutoDrive,73.84,75.36,73.52,73.9,4176169
2023-02-09,AutoDrive,70.73,72.08,69.55,71.28,3124189
2023-02-10,AutoDrive,73.16,74.26,70.61,72.97,2119609
2023-02-13,AutoDrive,72.35,74.0,71.2,73.4,611467
2023-02-14,AutoDrive,72.95,76.49,70.08,74.36,3098340
2023-02-15,AutoDrive,68.42,69.63,67.97,69.51,4211646
2023-02-16,AutoDrive,69.3,72.93,67.1,70.99,4452810
2023-02-17,AutoDrive,74.04,76.94,72.76,75.76,2625362
2023-02-20,AutoDrive,78.01,78.85,75.72,77.92,3674318
2023-02-21,AutoDrive,79.68,81.62,76.54,77.68,761814
2023-02-22,AutoDrive,75.83,76.91,73.76,76.45,428798
2023-02-23,AutoDrive,81.18,82.62,79.02,80.45,3370019
2023-02-24,AutoDrive,82.12,84.23,77.92,80.76,999017
2023-02-27,AutoDrive,85.66,89.41,83.13,87.31,2947368
2023-02-28,AutoDrive,88.19,91.17,87.1,90.05,3002136
2023-03-01,AutoDrive,84.97,85.98,82.14,84.79,2782156
2023-03-02,AutoDrive,86.15,88.98,85.37,86.36,989055
2023-03-03,AutoDrive,88.89,89.67,87.78,88.46,2467690
2023-03-06,AutoDrive,93.28,96.38,90.69,93.79,4808687
2023-03-07,AutoDrive,96.9,97.67,96.09,96.29,3118030
2023-03-08,AutoDrive,95.41,97.77,93.16,94.74,2499040
2023-03-09,AutoDrive,91.79,96.2,89.82,93.37,3256271
2023-03-10,AutoDrive,94.34,96.94,92.55,94.47,4499960
2023-03-13,AutoDrive,94.65,98.1,92.21,95.5,4890618
2023-03-14,AutoDrive,96.64,97.42,93.5,95.73,2647589
2023-03-15,AutoDrive,88.33,90.36,86.79,89.2,1835808
2023-03-16,AutoDrive,90.2,91.71,88.05,88.97,858611
2023-03-17,AutoDrive,89.11,91.05,88.41,89.68,1068271
2023-03-20,AutoDrive,88.25,90.66,88.01,89.21,3732727
2023-03-21,AutoDrive,90.09,91.29,87.61,89.35,845509
2023-03-22,AutoDrive,90.04,92.01,87.78,89.09,2532966
2023-03-23,AutoDrive,86.94,89.02,83.89,86.6,4698107
2023-03-24,AutoDrive,90.49,90.61,89.1,89.72,423640
2023-03-27,AutoDrive,90.35,92.64,88.83,90.02,3682184
2023-03-28,AutoDrive,93.68,95.81,92.16,92.76,4078611
2023-03-29,AutoDrive,95.26,97.55,90.82,93.33,2881496
2023-03-30,AutoDrive,93.02,94.99,90.64,92.47,4185217
2023-03-31,AutoDrive,92.86,95.45,92.08,92.33,2774925
2023-04-03,AutoDrive,90.67,92.72,87.82,89.14,384426
2023-04-04,AutoDrive,91.61,94.33,87.86,90.69,1450088
2023-04-05,AutoDrive,85.4,88.48,84.43,87.08,3662239
2023-04-06,AutoDrive,87.19,87.95,85.04,86.96,1615379
2023-04-07,AutoDrive,78.96,82.33,76.96,80.21,1718953
2023-04-10,AutoDrive,82.26,84.38,81.03,81.98,1801251
2023-04-11,AutoDrive,81.6,83.63,81.08,82.17,2180205
2023-04-12,AutoDrive,77.29,80.22,75.08,78.62,4274080
2023-04-13,AutoDrive,76.06,77.07,73.54,76.86,515086
2023-04-14,AutoDrive,73.39,75.73,71.48,73.83,2046259
2023-04-17,AutoDrive,70.84,72.49,67.37,70.04,4252322
2023-04-18,AutoDrive,71.86,73.07,67.51,70.48,4102842
2023-04-19,AutoDrive,73.25,74.91,71.32,72.03,2920839
2023-04-20,AutoDrive,74.34,76.3,71.37,72.91,689714
2023-04-21,AutoDrive,75.28,78.59,74.52,76.9,1365427
2023-04-24,AutoDrive,80.31,81.34,79.32,79.65,2644944
2023-04-25,AutoDrive,78.82,82.74,78.42,79.78,4279556
2023-04-26,AutoDrive,81.6,82.39,78.96,81.22,283176
2023-04-27,AutoDrive,76.8,79.06,74.55,78.55,4930236
2023-04-28,AutoDrive,77.58,81.83,76.03,79.05,1702574
2023-05-01,AutoDrive,76.32,77.99,76.11,76.11,4289514
2023-05-02,AutoDrive,72.97,76.36,72.23,73.38,3804351
2023-05-03,AutoDrive,73.76,76.86,73.75,75.46,2007584
2023-05-04,AutoDrive,77.85,80.78,76.47,77.17,999006
2023-05-05,AutoDrive,76.09,78.63,75.68,76.3,2128945
2023-05-08,AutoDrive,75.96,76.75,74.39,75.54,557460
2023-05-09,AutoDrive,74.71,77.71,74.54,74.57,415267
2023-05-10,AutoDrive,77.92,78.05,77.58,77.74,3767774
2023-05-11,AutoDrive,76.06,77.7,75.3,75.67,1417511
2023-05-12,AutoDrive,81.3,83.23,79.95,81.96,3959761
2023-05-15,AutoDrive,85.88,86.09,81.87,84.5,3757615
2023-05-16,AutoDrive,86.2,87.96,83.37,86.01,919944
2023-05-17,AutoDrive,84.43,86.86,82.35,86.24,1641077
2023-05-18,AutoDrive,88.79,90.8,85.65,88.02,4553526
2023-05-19,AutoDrive,83.19,85.55,82.29,84.77,2323341
